user_id,age_group,income,credit_score,tenure_months
1,GenX,93958,718,16
2,GenX,54803,714,8
3,GenX,67389,754,40
4,Boomer,57204,727,15
5,Millennial,64325,739,26
6,Millennial,48518,721,18
7,Millennial,41322,708,28
8,Boomer,57425,742,22
9,GenX,110047,769,4
10,GenZ,52768,707,51
11,Millennial,83074,750,55
12,GenX,53837,755,31
13,Boomer,132154,729,16
14,Millennial,75917,749,22
15,Millennial,93819,662,32
16,Boomer,71700,725,13
17,Millennial,76700,703,35
18,GenX,60611,711,49
19,GenX,57136,633,1
20,Millennial,92051,712,13
21,Boomer,41937,685,16
22,GenZ,92134,667,23
23,Boomer,83751,717,50
24,Millennial,123108,649,32
25,Millennial,44350,758,42
26,Millennial,105228,718,24
27,Millennial,70790,724,27
28,GenZ,74841,745,11
29,Boomer,23401,679,47
30,Millennial,121389,750,24
31,Millennial,62019,707,12
32,Millennial,54755,754,40
33,Millennial,36492,682,29
34,GenZ,48540,702,53
35,Millennial,71486,802,47
36,GenX,95291,709,33
37,Millennial,45825,636,13
38,GenZ,70380,671,8
39,GenX,70736,731,48
40,Millennial,61305,810,35
41,Boomer,68069,732,32
42,Millennial,15694,724,37
43,Millennial,36942,676,40
44,Millennial,39731,671,27
45,Millennial,44745,833,4
46,GenZ,41394,760,51
47,GenX,73175,722,54
48,GenX,61322,697,41
49,Boomer,38575,709,9
50,GenZ,109516,628,30
51,GenX,64279,736,33
52,Millennial,53696,714,35
53,GenZ,80773,769,41
54,Millennial,52167,656,29
55,GenZ,41539,729,2
56,GenZ,81028,728,8
57,Millennial,44952,663,57
58,Boomer,135562,813,34
59,Boomer,54986,619,15
60,Boomer,46078,721,8
61,Boomer,49996,719,22
62,Boomer,99174,734,55
63,GenX,57434,767,10
64,GenZ,86361,696,42
65,Boomer,124717,662,55
66,Boomer,49171,674,13
67,Boomer,74718,614,32
68,GenZ,49265,669,9
69,Millennial,31797,677,21
70,Millennial,67131,767,44
71,GenX,33243,704,23
72,Millennial,83658,823,29
73,GenX,34065,670,58
74,Boomer,60210,755,28
75,GenZ,63475,736,18
76,GenZ,45681,728,41
77,Boomer,90627,745,20
78,Boomer,122637,712,28
79,Millennial,82785,695,51
80,GenX,40104,691,45
81,GenZ,73094,660,17
82,GenZ,57101,712,9
83,Millennial,60645,664,29
84,Millennial,115337,705,27
85,Millennial,126528,798,23
86,GenX,74598,749,56
87,Boomer,80750,711,26
88,GenZ,63391,664,27
89,GenZ,97152,739,2
90,Boomer,96506,687,58
91,Boomer,61290,671,20
92,GenZ,85484,655,49
93,GenZ,46809,799,53
94,GenX,79444,747,11
95,Boomer,55869,685,31
96,GenX,29805,711,54
97,GenX,51586,761,41
98,GenZ,53709,716,16
99,GenX,102556,689,16
100,Boomer,47055,691,39
101,GenX,40375,649,4
102,GenZ,85947,657,44
103,Millennial,89974,720,32
104,GenX,75700,772,16
105,Millennial,54911,703,24
106,GenZ,41492,635,5
107,GenZ,100115,800,3
108,GenZ,82739,757,7
109,GenX,64048,736,26
110,GenX,30585,667,48
111,GenX,70353,744,9
112,GenZ,47721,665,6
113,GenX,73858,642,19
114,GenX,61053,678,39
115,Millennial,93188,654,24
116,GenX,61373,761,22
117,Boomer,43003,597,38
118,GenZ,110013,791,56
119,GenZ,66996,739,11
120,GenX,77344,746,42
121,GenX,66681,699,28
122,Millennial,73041,738,52
123,GenX,105094,674,19
124,Boomer,33327,689,9
125,GenX,63494,697,37
126,Millennial,51944,693,2
127,Boomer,86524,637,7
128,GenZ,117384,688,57
129,GenX,101777,671,6
130,GenX,60177,664,47
131,Millennial,102176,709,38
132,Millennial,125058,631,49
133,Boomer,57112,764,58
134,Millennial,75585,732,59
135,Boomer,67226,637,28
136,Boomer,125924,706,12
137,Millennial,69373,650,44
138,Boomer,94997,784,3
139,GenZ,50180,794,7
140,GenZ,97203,725,20
141,Millennial,63653,741,54
142,GenX,76211,719,26
143,GenX,68070,745,20
144,GenX,87026,806,16
145,Boomer,72395,728,57
146,Boomer,50262,760,9
147,Boomer,62856,692,19
148,GenZ,86630,655,6
149,Boomer,72860,744,53
150,GenX,41180,771,28
151,Boomer,86132,711,32
152,GenZ,60137,736,15
153,GenX,104590,756,40
154,GenZ,113761,670,37
155,Millennial,100020,626,49
156,GenZ,92371,665,13
157,Boomer,81905,710,24
158,Boomer,66294,627,9
159,Millennial,56370,736,45
160,Millennial,98764,635,14
161,GenX,23331,720,39
162,Millennial,125810,672,19
163,GenX,105638,662,23
164,Boomer,70788,763,45
165,Boomer,85054,647,45
166,GenZ,89757,746,44
167,GenZ,87621,693,30
168,GenZ,123971,633,25
169,GenZ,58596,809,6
170,GenX,15000,730,18
171,Millennial,47036,694,28
172,GenX,85572,683,50
173,GenZ,91006,782,2
174,GenX,64291,690,16
175,GenZ,47522,717,28
176,Millennial,62734,700,6
177,Boomer,95928,657,14
178,Boomer,72595,722,47
179,Boomer,37438,699,16
180,Millennial,83682,723,1
181,GenZ,79192,704,37
182,Boomer,61593,755,3
183,GenZ,76247,723,26
184,GenX,76617,626,15
185,GenZ,65437,755,42
186,GenZ,44331,665,11
187,Boomer,53528,719,37
188,GenX,83311,707,35
189,Millennial,26698,700,45
190,GenX,82836,615,36
191,GenX,83195,734,1
192,GenZ,82956,666,17
193,Millennial,64778,708,58
194,Millennial,82606,746,47
195,Boomer,96875,739,9
196,GenX,86985,691,15
197,GenZ,88400,622,30
198,Boomer,30222,734,20
199,GenZ,96664,724,5
200,GenX,76699,673,3
201,GenZ,70415,690,22
202,Boomer,48555,745,12
203,Millennial,67769,687,11
204,GenZ,52131,718,10
205,GenX,49117,701,38
206,Millennial,108912,657,37
207,GenX,95967,742,7
208,Millennial,130912,724,33
209,GenZ,82190,709,19
210,GenZ,84712,666,11
211,GenZ,81544,713,54
212,Millennial,86029,711,42
213,GenZ,92084,668,12
214,Boomer,103792,707,35
215,GenX,114111,727,25
216,GenZ,52878,748,5
217,Millennial,66227,642,22
218,Millennial,22369,670,6
219,GenX,76868,713,19
220,GenX,63529,727,35
221,GenZ,35833,761,10
222,GenZ,93947,655,42
223,Boomer,59238,736,48
224,GenX,61593,689,51
225,GenZ,73708,718,8
226,Boomer,87142,625,29
227,GenZ,108965,725,4
228,Millennial,83898,666,51
229,GenX,81726,701,35
230,GenZ,80825,620,34
231,GenX,98286,755,37
232,Millennial,73331,755,59
233,Boomer,96786,698,41
234,GenX,71377,739,32
235,Millennial,102675,757,31
236,GenZ,58503,752,50
237,Millennial,58586,663,53
238,GenZ,94002,757,4
239,GenX,98074,716,11
240,Boomer,54619,619,51
241,GenZ,60911,724,41
242,Millennial,82030,719,36
243,Millennial,67067,648,4
244,Millennial,80125,714,18
245,GenX,121567,692,36
246,GenZ,124113,751,47
247,GenX,86805,751,6
248,GenX,38063,828,24
249,GenX,97241,680,12
250,GenX,111878,670,39
251,Millennial,41981,769,45
252,Boomer,94036,705,29
253,GenZ,76396,737,31
254,GenX,66557,717,8
255,Millennial,74950,697,47
256,Millennial,71069,793,43
257,Millennial,64570,666,8
258,GenZ,115545,728,34
259,Millennial,85737,651,48
260,Boomer,103114,690,13
261,Millennial,55612,700,14
262,GenX,17172,637,43
263,Boomer,80641,674,8
264,Boomer,53907,760,19
265,Millennial,59249,725,54
266,Millennial,50460,713,56
267,Millennial,91488,682,43
268,GenX,49790,668,57
269,Millennial,54606,774,51
270,GenZ,85396,734,44
271,GenX,117699,661,5
272,GenX,76783,776,16
273,Millennial,123271,693,36
274,Boomer,64030,716,22
275,Boomer,60769,700,15
276,GenX,92545,663,49
277,GenZ,59237,693,6
278,GenZ,31806,688,34
279,Millennial,90018,789,36
280,GenX,58360,728,3
281,GenZ,85495,758,44
282,GenZ,83287,688,51
283,GenX,42568,625,53
284,GenZ,102504,763,18
285,GenX,81164,648,17
286,Millennial,19804,741,53
287,GenZ,55318,720,57
288,Boomer,80608,668,28
289,GenZ,74284,749,39
290,GenX,47078,701,36
291,Millennial,50709,707,54
292,GenZ,54948,772,17
293,GenZ,76347,657,58
294,GenZ,53257,755,32
295,Millennial,57339,752,55
296,GenX,49468,722,16
297,Boomer,23757,749,49
298,GenZ,72475,696,58
299,Boomer,81583,740,57
300,GenZ,70260,680,31
301,Boomer,131250,716,22
302,GenX,43315,769,19
303,Millennial,46082,665,16
304,Boomer,121578,758,24
305,GenZ,58285,732,57
306,GenX,77548,698,35
307,GenX,72424,736,56
308,Millennial,46467,713,44
309,Millennial,74384,645,56
310,GenZ,64857,761,56
311,Boomer,43953,769,20
312,GenX,104898,717,18
313,Boomer,70572,750,28
314,Millennial,74105,716,32
315,GenZ,74318,747,13
316,Millennial,66600,818,24
317,GenZ,85791,755,23
318,Boomer,73594,727,58
319,Millennial,72548,713,30
320,Millennial,65355,744,27
321,Boomer,45680,689,9
322,Boomer,66403,667,50
323,Millennial,52951,740,11
324,Millennial,59743,706,2
325,GenX,50312,733,49
326,Millennial,59472,637,54
327,Boomer,33559,712,4
328,GenZ,108800,760,39
329,GenZ,83898,694,1
330,Millennial,38852,703,3
331,Millennial,97043,700,36
332,Millennial,44753,704,8
333,Boomer,86882,699,38
334,Millennial,38964,760,19
335,GenZ,48712,717,49
336,GenX,73438,685,36
337,Millennial,63760,700,10
338,Millennial,47804,696,20
339,Millennial,53083,716,26
340,Boomer,147493,642,30
341,Millennial,78205,739,32
342,GenX,46636,630,18
343,Boomer,76251,688,1
344,GenZ,79571,718,1
345,Millennial,72879,664,15
346,GenX,90798,618,48
347,Millennial,85265,688,59
348,GenX,71676,715,43
349,Millennial,77148,771,58
350,Boomer,92234,645,4
351,GenZ,108312,699,15
352,Millennial,73435,665,49
353,Millennial,104397,690,33
354,Boomer,58168,704,43
355,Millennial,43821,693,51
356,GenZ,109893,790,9
357,Boomer,56201,682,24
358,Boomer,87389,770,56
359,Boomer,83415,691,9
360,Millennial,76179,662,26
361,GenZ,69143,691,21
362,Boomer,65610,708,54
363,GenX,70699,713,45
364,GenX,97521,714,43
365,Millennial,61513,701,22
366,Millennial,31346,712,56
367,Millennial,104781,648,39
368,GenX,59470,626,47
369,Millennial,62922,808,45
370,Millennial,63624,791,40
371,GenZ,88573,696,35
372,Millennial,53141,781,11
373,GenX,58618,753,5
374,GenX,62292,733,18
375,GenZ,88010,723,59
376,GenZ,81945,667,29
377,Millennial,109417,673,25
378,GenX,63467,677,55
379,GenX,87459,689,21
380,GenX,42260,704,43
381,Millennial,70082,708,4
382,GenX,113649,801,47
383,Boomer,74892,684,1
384,GenZ,62782,681,16
385,GenZ,105287,719,11
386,GenX,60580,651,18
387,GenZ,31125,610,11
388,GenX,104025,704,34
389,GenX,64679,715,22
390,Boomer,86728,644,37
391,GenZ,105625,668,42
392,GenX,55459,727,11
393,Millennial,92230,653,13
394,GenX,134536,761,39
395,Millennial,100962,701,42
396,GenX,43377,598,33
397,Millennial,81840,691,46
398,GenZ,102270,743,58
399,Millennial,65369,691,48
400,GenX,94035,780,52
401,GenX,87190,695,23
402,GenZ,61218,729,48
403,GenX,67627,683,15
404,Millennial,62208,781,49
405,Millennial,57237,756,49
406,GenZ,55584,746,53
407,GenX,73250,751,49
408,Boomer,73961,733,25
409,Millennial,120074,742,56
410,Millennial,100122,733,9
411,Millennial,35072,671,12
412,Millennial,29672,691,2
413,Millennial,62379,680,42
414,GenZ,46798,731,44
415,Millennial,69492,614,16
416,GenZ,63396,701,27
417,GenZ,68589,733,27
418,Boomer,77769,689,27
419,GenZ,112658,659,57
420,Millennial,47656,697,43
421,Millennial,55660,720,45
422,Millennial,90644,707,34
423,Boomer,80117,656,55
424,Boomer,53123,730,26
425,GenZ,86730,808,21
426,GenX,76711,683,26
427,Millennial,49138,722,1
428,GenZ,116867,772,1
429,Millennial,56734,813,40
430,Millennial,50746,733,28
431,GenZ,42615,650,39
432,Millennial,74633,714,47
433,Millennial,24847,725,19
434,GenX,91683,683,39
435,GenZ,60992,734,20
436,Millennial,90993,733,30
437,GenZ,65648,639,27
438,GenZ,71763,750,27
439,Boomer,71391,780,4
440,Millennial,65286,689,13
441,GenZ,84172,719,31
442,GenZ,87073,711,35
443,Millennial,58450,666,25
444,Boomer,74106,693,19
445,Boomer,80178,708,27
446,Boomer,54397,731,51
447,GenX,75311,708,40
448,GenX,55031,649,58
449,GenX,58118,713,4
450,Boomer,59042,789,10
451,Boomer,96779,759,40
452,GenZ,43898,672,38
453,Millennial,89503,763,27
454,GenX,87503,699,35
455,Millennial,92085,689,21
456,GenZ,42800,698,24
457,GenX,69410,772,20
458,Millennial,100490,756,35
459,GenZ,103824,646,55
460,GenZ,40970,759,10
461,Millennial,67917,669,8
462,Boomer,47107,651,40
463,Millennial,83077,813,26
464,Millennial,80612,704,44
465,GenX,83556,658,56
466,GenZ,58763,707,29
467,GenX,72649,730,23
468,Millennial,121485,633,2
469,GenZ,25834,724,11
470,Boomer,68246,697,19
471,Boomer,118541,746,32
472,Boomer,71763,774,32
473,Millennial,87751,715,25
474,Millennial,118191,682,59
475,Boomer,68918,706,7
476,Boomer,90710,617,44
477,Boomer,101298,772,9
478,Millennial,89194,715,56
479,Boomer,92602,677,37
480,Millennial,17567,748,47
481,GenZ,40269,771,47
482,GenZ,68686,662,30
483,Millennial,72311,696,2
484,Boomer,78932,664,30
485,GenZ,63490,670,44
486,GenX,95173,699,51
487,GenZ,31926,677,48
488,Boomer,39900,819,8
489,GenX,20570,772,16
490,GenX,88153,715,1
491,Boomer,116730,675,6
492,GenX,62964,726,2
493,Boomer,85970,719,15
494,GenX,60024,740,23
495,GenZ,81627,704,25
496,Millennial,75267,766,47
497,GenX,100990,607,58
498,Boomer,61213,707,35
499,GenX,79116,706,40
500,GenX,76342,708,32
501,Millennial,73151,760,24
502,GenZ,87273,632,42
503,GenX,85393,685,49
504,Millennial,93673,705,43
505,Boomer,58417,797,10
506,GenZ,57787,745,55
507,GenX,85768,690,1
508,GenX,96194,722,28
509,GenZ,68822,648,29
510,Boomer,53548,695,37
511,Millennial,73684,682,16
512,Boomer,82807,695,30
513,GenX,15372,703,16
514,GenZ,101383,727,45
515,Millennial,82609,773,29
516,GenX,57493,717,29
517,GenZ,15000,702,33
518,GenX,52046,699,31
519,Boomer,62286,741,39
520,GenZ,61401,657,44
521,Millennial,120500,679,36
522,GenX,71772,713,23
523,Millennial,59973,745,19
524,Boomer,78686,717,58
525,GenX,104106,702,27
526,Millennial,97248,725,35
527,Boomer,55078,665,13
528,Boomer,86007,669,51
529,Boomer,66155,789,32
530,GenZ,94106,686,27
531,GenX,43108,730,9
532,Boomer,93666,733,16
533,GenX,77413,729,42
534,Millennial,76022,734,56
535,Millennial,129551,708,12
536,Millennial,88861,714,31
537,Boomer,46027,658,19
538,Millennial,84120,632,5
539,GenZ,86274,702,46
540,Boomer,70258,723,47
541,GenZ,114058,720,51
542,Millennial,31493,688,27
543,Millennial,83398,700,46
544,Boomer,78038,675,5
545,Boomer,88303,798,44
546,GenZ,85991,790,18
547,Millennial,85939,709,37
548,GenZ,95994,663,45
549,GenX,94645,706,2
550,GenX,62897,700,57
551,GenZ,50570,744,21
552,GenZ,106014,747,31
553,Boomer,98236,667,24
554,Boomer,56429,677,11
555,GenX,75571,639,17
556,Boomer,55816,669,18
557,GenZ,71024,667,36
558,GenZ,106281,716,14
559,GenX,72555,706,16
560,Boomer,75187,670,40
561,GenZ,26292,695,4
562,Boomer,81053,725,30
563,Millennial,71994,718,11
564,GenX,69175,678,19
565,Boomer,73947,666,24
566,Millennial,47236,643,38
567,Millennial,50456,746,56
568,GenX,87815,747,21
569,Boomer,76787,710,21
570,GenZ,73625,691,11
571,GenX,81279,733,20
572,GenX,96209,693,49
573,GenZ,53458,690,27
574,Boomer,111665,714,16
575,Boomer,24923,685,54
576,GenZ,39300,760,10
577,GenZ,50286,759,29
578,GenZ,59275,709,41
579,Boomer,42453,749,5
580,Millennial,73713,731,15
581,Millennial,76807,703,10
582,GenX,83059,717,42
583,GenZ,58361,765,46
584,GenZ,112840,781,29
585,Millennial,118759,638,43
586,Millennial,89217,764,49
587,Millennial,104915,696,7
588,Boomer,73143,702,38
589,Boomer,35046,696,57
590,GenX,118712,673,19
591,Boomer,121111,709,58
592,Millennial,78956,681,33
593,Boomer,80071,739,40
594,GenX,78503,746,9
595,GenZ,30914,685,58
596,GenZ,79376,705,43
597,Millennial,88840,719,12
598,Boomer,85210,649,22
599,GenX,70977,704,17
600,Boomer,89959,710,35
601,Boomer,88958,754,18
602,Millennial,71822,673,37
603,GenZ,110467,732,42
604,Millennial,33219,759,30
605,Millennial,98732,716,20
606,GenX,73970,724,1
607,GenZ,46259,693,41
608,GenZ,85165,681,16
609,GenX,56125,638,14
610,Boomer,88892,765,58
611,GenX,90144,720,25
612,Millennial,74043,709,37
613,GenX,105895,661,35
614,Boomer,71148,729,3
615,Millennial,66069,667,59
616,Millennial,75341,693,36
617,GenZ,59323,698,33
618,GenZ,42789,705,47
619,GenZ,118851,670,30
620,GenX,54735,680,23
621,GenZ,68507,672,9
622,Millennial,78605,648,6
623,Millennial,100072,649,1
624,Millennial,79937,703,51
625,Millennial,31371,688,54
626,GenZ,92353,744,16
627,GenX,48533,651,2
628,GenZ,113904,762,26
629,Millennial,63024,650,56
630,GenX,69901,668,57
631,Boomer,75585,732,33
632,Boomer,80034,719,42
633,Boomer,73044,781,59
634,GenX,65120,706,12
635,Boomer,45596,711,59
636,Boomer,77536,679,58
637,GenZ,78682,765,50
638,Millennial,110954,647,46
639,Millennial,98990,629,1
640,Millennial,93632,779,4
641,GenZ,83938,744,30
642,Millennial,92302,663,47
643,GenZ,132874,679,19
644,GenX,98832,683,39
645,Millennial,94108,723,59
646,Boomer,108903,778,47
647,GenX,89638,656,20
648,GenX,76941,669,50
649,Millennial,91399,690,1
650,GenZ,94697,624,30
651,GenZ,68877,713,32
652,GenX,33201,708,47
653,Millennial,99463,655,16
654,GenZ,108515,786,28
655,Millennial,36586,662,53
656,GenZ,95442,735,38
657,GenX,76455,741,55
658,GenX,64858,771,34
659,Boomer,80654,725,3
660,GenZ,72895,739,9
661,Millennial,75500,747,50
662,Millennial,40882,711,20
663,Boomer,60179,692,20
664,Boomer,112352,706,25
665,Boomer,105562,716,39
666,Millennial,25523,730,7
667,Millennial,94853,663,56
668,Millennial,133992,696,58
669,Boomer,94154,717,53
670,GenZ,91003,718,22
671,GenZ,79340,724,23
672,GenZ,70931,711,41
673,GenZ,81870,705,2
674,GenZ,50925,745,6
675,Millennial,45475,721,22
676,Millennial,70554,772,24
677,GenX,102273,725,45
678,GenZ,87127,581,44
679,Millennial,73444,605,38
680,Millennial,70213,706,12
681,GenZ,129996,716,19
682,GenZ,63326,769,31
683,Millennial,77303,711,59
684,Millennial,99253,686,15
685,Millennial,80277,721,55
686,GenX,75109,673,8
687,GenZ,76634,641,28
688,Boomer,32132,749,49
689,Millennial,48319,715,7
690,Millennial,63197,686,34
691,Boomer,60477,740,52
692,GenZ,83052,757,31
693,GenX,122395,663,40
694,Boomer,59412,738,43
695,GenX,75486,699,10
696,GenZ,96886,717,34
697,Boomer,65787,758,42
698,GenX,86872,745,51
699,Millennial,53772,718,35
700,GenZ,31239,685,15
701,GenX,68459,748,22
702,GenX,101697,699,46
703,Boomer,68009,714,45
704,GenZ,86979,711,51
705,GenZ,86176,727,1
706,GenZ,58135,731,34
707,GenX,51122,728,24
708,GenZ,67346,691,15
709,Millennial,34045,604,24
710,GenX,47767,737,17
711,Millennial,41259,753,12
712,Boomer,105891,694,40
713,GenX,47092,727,22
714,GenZ,64447,825,10
715,Millennial,92284,751,45
716,Millennial,56104,727,44
717,Millennial,50229,767,31
718,Boomer,94611,669,55
719,GenZ,114169,705,9
720,Boomer,94755,756,7
721,GenZ,94400,745,11
722,GenX,106563,630,12
723,GenX,83491,744,40
724,Boomer,65385,656,25
725,Boomer,112247,628,58
726,GenX,64990,708,52
727,GenX,45298,720,41
728,GenX,107353,738,56
729,GenX,41009,681,17
730,GenX,43496,727,32
731,GenZ,115190,666,47
732,Millennial,57391,599,12
733,Boomer,48943,776,25
734,GenZ,64251,795,19
735,Boomer,141590,769,12
736,GenX,35974,714,11
737,Boomer,87568,697,9
738,Millennial,50158,724,9
739,Millennial,57419,663,19
740,GenZ,98465,732,56
741,GenX,74631,720,38
742,GenZ,39268,666,32
743,GenX,101456,709,8
744,Millennial,52814,703,34
745,Millennial,52258,597,28
746,GenX,132252,692,49
747,Millennial,112203,691,46
748,GenX,96204,681,17
749,GenZ,62732,739,4
750,GenX,59638,692,25
751,Boomer,36310,718,16
752,GenX,98150,726,5
753,Boomer,94541,717,1
754,GenZ,66409,689,44
755,GenZ,41056,765,37
756,Boomer,62415,713,13
757,Millennial,91856,823,54
758,GenX,63810,679,19
759,GenX,68493,671,4
760,GenZ,29720,739,33
761,GenX,96634,743,22
762,GenZ,67776,632,35
763,Millennial,72709,682,27
764,GenX,38589,671,14
765,Millennial,105705,744,29
766,Boomer,59233,743,52
767,GenZ,48167,666,23
768,GenZ,64013,667,45
769,GenX,72968,718,6
770,Millennial,82040,658,54
771,GenZ,52932,709,3
772,Boomer,43999,702,32
773,Millennial,45958,695,1
774,Boomer,52214,673,5
775,GenX,119830,725,40
776,Boomer,89462,747,5
777,GenX,23576,640,13
778,GenX,71000,618,16
779,Millennial,90910,711,58
780,GenX,74922,721,56
781,GenZ,69006,701,9
782,GenX,115077,616,36
783,Millennial,32384,686,11
784,GenX,93305,711,8
785,Millennial,81872,767,47
786,GenZ,78587,750,57
787,Millennial,76280,599,43
788,Millennial,106027,703,6
789,GenZ,70696,730,21
790,GenX,39364,707,13
791,Boomer,89183,673,7
792,Boomer,42830,699,13
793,GenZ,76962,698,46
794,GenZ,80132,783,15
795,Millennial,51006,633,32
796,Boomer,68083,662,17
797,Boomer,43286,690,9
798,GenZ,88696,788,53
799,GenX,81474,637,52
800,GenZ,58832,750,32
801,Millennial,121820,710,14
802,GenX,66571,679,42
803,GenZ,89665,662,56
804,GenZ,69405,789,21
805,GenX,78502,740,37
806,GenX,61887,734,41
807,GenX,80828,710,21
808,Millennial,48845,745,34
809,GenX,55791,664,17
810,GenX,88930,774,22
811,GenZ,61076,649,28
812,Millennial,99733,650,9
813,Millennial,71966,764,12
814,GenZ,54690,715,54
815,GenZ,55410,615,40
816,GenZ,63630,696,5
817,GenX,92349,690,40
818,GenZ,58857,735,59
819,GenX,82549,729,7
820,GenX,83327,737,22
821,GenX,58819,802,44
822,GenX,50668,747,15
823,GenZ,63263,762,32
824,Millennial,86159,695,37
825,GenX,51771,693,45
826,Millennial,70932,605,23
827,Boomer,78765,689,39
828,Millennial,104704,729,55
829,Millennial,41854,657,37
830,GenZ,66789,717,41
831,Millennial,79463,680,11
832,Millennial,111324,755,22
833,GenZ,71246,651,24
834,GenZ,71314,744,46
835,GenX,45587,721,24
836,GenX,90341,753,29
837,GenZ,65669,811,7
838,Millennial,83901,725,37
839,Millennial,72355,745,41
840,GenX,68349,709,27
841,GenX,102389,700,1
842,GenZ,107023,748,37
843,GenZ,68777,716,40
844,Millennial,89635,696,35
845,GenX,111211,712,33
846,GenX,83043,652,44
847,Boomer,63730,648,59
848,Millennial,93536,678,58
849,Millennial,72640,708,49
850,Millennial,45185,762,56
851,Millennial,118917,748,55
852,GenX,96092,717,33
853,Millennial,102024,785,22
854,GenX,134920,776,5
855,Millennial,104224,613,24
856,GenZ,95260,660,38
857,GenZ,132258,700,55
858,Millennial,44977,742,29
859,GenX,59926,722,50
860,GenX,97996,793,43
861,GenX,80250,850,38
862,GenZ,127326,732,33
863,Millennial,102644,675,41
864,GenX,65277,684,12
865,GenX,41291,788,22
866,GenZ,78897,685,57
867,GenX,77751,644,15
868,Millennial,73175,727,35
869,GenZ,47159,804,21
870,Boomer,28611,644,20
871,Millennial,89863,744,22
872,GenZ,102845,745,47
873,GenZ,62548,618,11
874,GenX,79006,721,40
875,Millennial,55839,733,52
876,Millennial,74006,675,51
877,GenZ,85737,676,12
878,GenZ,96116,764,32
879,Millennial,46250,722,5
880,GenZ,61477,660,6
881,GenX,39607,790,9
882,GenX,51935,743,18
883,GenZ,94282,676,2
884,GenX,58590,689,38
885,GenZ,109021,773,10
886,GenZ,78265,832,33
887,Boomer,15000,662,19
888,Boomer,52259,648,5
889,Boomer,60794,729,18
890,Millennial,95595,703,2
891,GenX,114484,700,30
892,GenX,84652,713,48
893,Boomer,85588,733,11
894,Boomer,91490,747,44
895,Boomer,66366,766,16
896,Millennial,116815,701,42
897,Millennial,89256,692,19
898,GenZ,70280,724,26
899,Boomer,95764,643,33
900,GenZ,110385,606,34
901,GenX,115135,706,2
902,GenZ,50742,649,38
903,Millennial,65886,695,24
904,GenZ,70583,630,29
905,Boomer,80409,641,36
906,Millennial,58627,764,58
907,Millennial,99944,651,17
908,Millennial,62001,765,23
909,GenX,46359,728,6
910,Millennial,15000,638,47
911,Millennial,70812,699,29
912,GenX,66317,722,46
913,Boomer,111671,685,12
914,Millennial,72662,750,21
915,GenX,67088,692,55
916,GenX,67639,688,8
917,GenZ,70160,749,15
918,GenZ,101358,608,1
919,Boomer,53689,725,6
920,GenX,79501,684,51
921,GenX,63296,768,41
922,GenZ,64150,733,36
923,Millennial,100931,740,44
924,GenX,95801,812,45
925,GenZ,72674,731,3
926,GenZ,47092,722,9
927,GenX,107638,743,34
928,GenZ,15000,693,41
929,Millennial,60216,659,34
930,GenX,90773,742,39
931,GenX,44220,643,35
932,Millennial,38419,738,36
933,Boomer,76810,692,35
934,GenX,106513,739,18
935,GenX,71191,637,24
936,GenZ,81258,735,7
937,GenZ,75533,752,37
938,Millennial,86796,639,40
939,GenZ,92124,735,16
940,Millennial,111430,669,28
941,GenZ,103331,789,4
942,GenX,42469,717,29
943,GenX,105531,644,40
944,Millennial,77991,732,52
945,GenX,142666,706,38
946,Boomer,83749,665,57
947,Boomer,60688,711,3
948,Millennial,67059,776,22
949,GenX,47823,636,10
950,GenZ,91342,688,52
951,GenX,107611,721,46
952,GenZ,75454,777,25
953,GenX,64631,738,4
954,Millennial,115541,672,40
955,GenX,78170,696,45
956,GenZ,45778,696,11
957,GenZ,60004,735,38
958,Boomer,110389,640,56
959,Boomer,45033,765,54
960,Boomer,119576,669,24
961,GenZ,42340,711,31
962,Boomer,18142,771,47
963,Millennial,78210,754,11
964,GenX,38515,658,10
965,Millennial,92836,701,13
966,GenX,46077,688,39
967,GenZ,44774,733,1
968,Millennial,84928,739,11
969,Boomer,41529,748,36
970,Boomer,80991,709,48
971,GenZ,98508,667,11
972,GenZ,74788,819,54
973,Millennial,74027,679,35
974,GenZ,62828,739,10
975,GenZ,59001,737,43
976,GenZ,69533,649,34
977,Boomer,103114,681,57
978,Boomer,98979,767,48
979,GenX,38697,695,50
980,GenZ,41601,760,19
981,Millennial,79951,749,56
982,Millennial,55077,643,9
983,GenX,98088,712,14
984,Millennial,58023,680,26
985,Millennial,61627,740,45
986,GenZ,44479,759,42
987,GenZ,45622,743,43
988,Boomer,84557,771,1
989,Millennial,42484,773,22
990,GenZ,85859,716,40
991,GenZ,59614,747,16
992,Millennial,62904,664,5
993,GenX,108526,711,31
994,Boomer,110678,726,10
995,Boomer,67019,737,38
996,Millennial,94525,657,29
997,GenZ,108199,696,51
998,Boomer,77160,772,28
999,GenX,86297,693,23
1000,GenZ,32842,752,7
1001,Millennial,57855,713,24
1002,GenX,66852,785,50
1003,Millennial,115504,706,47
1004,Millennial,105978,638,4
1005,GenZ,68406,664,7
1006,Millennial,114066,687,37
1007,GenZ,40440,688,1
1008,Millennial,91536,737,29
1009,GenX,82810,684,11
1010,Millennial,110469,667,57
1011,GenZ,32887,782,56
1012,Millennial,53054,724,7
1013,GenZ,53671,715,7
1014,GenX,107010,733,23
1015,GenZ,31069,709,53
1016,GenX,98724,734,30
1017,GenZ,73632,707,34
1018,Millennial,122053,705,43
1019,GenX,85863,671,35
1020,Millennial,69759,665,2
1021,Millennial,85590,740,7
1022,Boomer,110665,692,6
1023,GenX,75598,773,25
1024,Millennial,68459,800,8
1025,Millennial,113584,696,34
1026,Millennial,78853,738,54
1027,Boomer,100340,794,23
1028,GenX,58327,767,43
1029,Boomer,64184,659,17
1030,GenZ,41224,705,47
1031,GenX,100723,679,26
1032,Millennial,59658,707,27
1033,GenZ,65597,708,36
1034,GenX,50337,772,21
1035,GenX,45034,672,20
1036,GenZ,101293,621,8
1037,Millennial,83594,776,15
1038,Millennial,73031,565,4
1039,GenZ,72954,656,55
1040,Boomer,39214,703,35
1041,Millennial,62848,634,30
1042,GenX,20997,728,20
1043,GenX,73568,726,14
1044,Millennial,72038,760,53
1045,GenX,37958,661,50
1046,GenX,44829,684,49
1047,Boomer,47123,653,2
1048,GenX,44375,751,27
1049,GenX,48800,747,44
1050,Millennial,69600,692,12
1051,Millennial,102598,609,50
1052,Millennial,81870,768,18
1053,GenZ,55545,743,49
1054,GenX,55563,707,42
1055,Millennial,100864,712,49
1056,GenZ,81021,730,4
1057,Millennial,116254,655,40
1058,GenX,95448,645,43
1059,GenZ,126394,652,42
1060,GenX,40779,723,27
1061,Millennial,96754,772,26
1062,Boomer,72919,797,20
1063,GenX,47482,676,41
1064,Millennial,117059,687,7
1065,GenX,48287,677,24
1066,GenZ,84883,670,40
1067,Millennial,71147,637,6
1068,GenX,89514,662,58
1069,Millennial,70751,637,39
1070,Millennial,71694,787,10
1071,GenX,15874,718,22
1072,Millennial,74838,630,2
1073,Millennial,35595,725,41
1074,GenZ,38204,690,15
1075,Millennial,79010,702,38
1076,GenZ,52572,730,4
1077,GenX,63856,733,46
1078,GenZ,65554,730,4
1079,Millennial,66662,737,54
1080,GenZ,79501,715,4
1081,Boomer,77463,722,24
1082,GenZ,69817,680,17
1083,Millennial,15000,694,46
1084,GenX,65351,755,43
1085,GenZ,57649,678,20
1086,Millennial,88917,721,14
1087,GenX,100188,643,8
1088,GenX,61624,758,9
1089,GenZ,49326,642,20
1090,GenZ,48874,655,14
1091,Millennial,80221,700,54
1092,Millennial,71403,664,39
1093,GenX,127466,720,29
1094,Boomer,117725,731,49
1095,Millennial,85710,632,39
1096,GenX,93573,707,46
1097,Boomer,98836,727,28
1098,GenX,90145,757,5
1099,GenZ,45761,648,18
1100,Millennial,65131,715,2
1101,GenX,81937,792,16
1102,GenX,89407,719,21
1103,Boomer,59500,806,51
1104,Millennial,131092,629,57
1105,Boomer,95271,766,31
1106,GenZ,52584,715,50
1107,Millennial,90155,688,13
1108,GenZ,67921,688,45
1109,Millennial,51156,747,25
1110,Millennial,129134,701,9
1111,Boomer,81184,715,36
1112,Millennial,65745,700,27
1113,Boomer,77098,803,34
1114,GenZ,88333,761,20
1115,Millennial,115432,704,25
1116,Millennial,106106,737,24
1117,GenX,113932,698,38
1118,Boomer,82956,643,39
1119,Boomer,73794,810,5
1120,GenZ,67377,779,53
1121,Millennial,15000,710,21
1122,Millennial,41273,741,12
1123,Millennial,54164,681,12
1124,Millennial,53639,672,56
1125,Millennial,63714,663,49
1126,Millennial,78189,691,34
1127,Boomer,99000,697,5
1128,Millennial,51882,614,59
1129,GenX,73403,716,38
1130,Boomer,68951,758,58
1131,Millennial,96392,716,39
1132,Millennial,74689,624,17
1133,Millennial,111827,705,32
1134,Millennial,71415,693,21
1135,GenZ,83918,692,4
1136,Millennial,58250,725,18
1137,GenX,69473,682,1
1138,Millennial,68968,732,43
1139,Millennial,109004,715,8
1140,GenX,84273,640,33
1141,GenX,102683,720,54
1142,GenZ,36944,750,48
1143,GenX,81332,770,19
1144,GenZ,82108,692,19
1145,Boomer,95660,777,7
1146,Millennial,129142,765,5
1147,Boomer,92371,733,16
1148,GenX,74159,771,59
1149,Millennial,123572,703,7
1150,GenZ,66780,667,52
1151,Millennial,105237,662,47
1152,GenX,86772,664,41
1153,Millennial,43635,763,32
1154,Millennial,88422,764,51
1155,GenX,72596,843,4
1156,Millennial,74395,690,11
1157,Boomer,66328,674,33
1158,Millennial,89896,680,18
1159,GenZ,73252,690,41
1160,Boomer,76789,735,9
1161,Millennial,73218,717,31
1162,GenX,46141,701,37
1163,Millennial,100560,714,11
1164,GenZ,78292,769,54
1165,GenZ,78343,718,49
1166,Boomer,53576,659,56
1167,Millennial,86680,646,12
1168,GenX,58350,736,24
1169,GenX,88382,716,23
1170,GenZ,91135,721,57
1171,GenZ,51553,644,38
1172,Millennial,55486,663,20
1173,Boomer,92595,723,10
1174,Millennial,49093,713,29
1175,Boomer,51337,696,30
1176,Millennial,110476,698,15
1177,Boomer,78452,670,28
1178,GenZ,70512,700,28
1179,GenZ,74011,764,7
1180,Millennial,80903,655,4
1181,Boomer,87752,787,17
1182,GenX,33877,665,28
1183,GenX,72645,684,23
1184,GenX,87120,720,2
1185,GenZ,58633,640,40
1186,Millennial,56065,714,28
1187,Boomer,82668,721,11
1188,Millennial,88496,674,25
1189,GenX,133067,707,41
1190,GenZ,64242,753,5
1191,Millennial,73332,757,50
1192,GenZ,49111,850,9
1193,GenZ,85107,717,31
1194,Boomer,99906,754,5
1195,Millennial,77032,772,6
1196,GenX,40156,706,50
1197,GenX,67960,704,25
1198,Boomer,64723,692,19
1199,Boomer,48400,776,56
1200,Millennial,89142,689,22
1201,GenX,91788,660,56
1202,Millennial,94265,749,53
1203,GenZ,39757,761,40
1204,Millennial,80349,701,21
1205,GenX,57762,745,37
1206,GenZ,94724,765,36
1207,Millennial,78470,712,35
1208,GenZ,76306,713,54
1209,Boomer,69853,695,25
1210,GenZ,75596,739,22
1211,Boomer,47523,688,57
1212,Millennial,105216,688,33
1213,GenX,85092,715,11
1214,GenZ,95846,726,43
1215,GenZ,82092,712,21
1216,Boomer,69096,715,42
1217,Boomer,83303,712,29
1218,Millennial,59223,640,30
1219,Boomer,61939,720,9
1220,GenZ,73666,659,15
1221,GenX,89755,639,31
1222,Boomer,102990,659,7
1223,GenZ,117323,760,38
1224,Boomer,76099,635,14
1225,GenX,100141,700,18
1226,Millennial,87605,773,35
1227,GenZ,59540,782,41
1228,GenZ,107559,765,39
1229,Millennial,62073,685,15
1230,Boomer,55982,662,54
1231,GenZ,50691,779,38
1232,GenZ,98333,732,17
1233,Millennial,65684,730,48
1234,Boomer,67332,729,39
1235,GenX,65976,787,10
1236,Millennial,45995,750,27
1237,Millennial,84740,679,6
1238,Millennial,90228,647,14
1239,GenX,67931,788,20
1240,Boomer,57276,717,55
1241,GenX,56831,741,55
1242,GenZ,81947,725,45
1243,GenX,65511,699,22
1244,GenX,83888,752,28
1245,GenX,105715,694,39
1246,Boomer,40317,671,23
1247,Millennial,113369,647,31
1248,Millennial,117943,731,1
1249,GenX,41122,716,51
1250,Millennial,53731,736,28
1251,GenX,41750,680,20
1252,GenZ,111424,782,39
1253,Millennial,98464,840,44
1254,Millennial,68089,754,32
1255,GenZ,57508,643,53
1256,GenZ,31480,758,25
1257,Millennial,62065,643,53
1258,GenX,31360,698,6
1259,GenZ,60741,612,44
1260,Boomer,71871,741,12
1261,Boomer,56602,702,3
1262,GenZ,72404,690,23
1263,GenX,82596,667,31
1264,Millennial,114358,682,55
1265,GenZ,59284,726,53
1266,GenX,27667,702,30
1267,GenX,130384,704,42
1268,GenZ,100688,720,51
1269,GenX,85493,652,39
1270,GenZ,102731,682,56
1271,GenX,65406,639,8
1272,Millennial,37311,745,9
1273,Boomer,56829,696,48
1274,Boomer,95192,680,47
1275,Boomer,31878,636,48
1276,GenZ,47509,730,45
1277,Millennial,125252,668,58
1278,GenZ,118876,728,42
1279,Millennial,112743,724,32
1280,GenZ,22909,687,14
1281,Millennial,103648,725,53
1282,Millennial,23833,686,56
1283,GenZ,21664,799,21
1284,Millennial,125664,818,17
1285,GenX,72729,695,59
1286,GenZ,25071,724,43
1287,Millennial,81131,708,9
1288,GenZ,49420,749,21
1289,Millennial,55471,746,16
1290,GenZ,70203,789,20
1291,GenZ,22833,743,2
1292,Millennial,60442,687,3
1293,Boomer,80479,698,23
1294,Millennial,113893,718,32
1295,Millennial,23983,715,38
1296,Millennial,57000,654,4
1297,GenZ,73001,692,30
1298,GenX,84122,735,1
1299,Boomer,108258,755,19
1300,GenX,59812,645,13
1301,GenX,81600,759,28
1302,GenX,110570,782,19
1303,Boomer,68989,826,57
1304,Millennial,93230,704,28
1305,GenZ,22486,623,28
1306,GenX,76216,753,39
1307,GenZ,80231,729,14
1308,Millennial,94708,770,32
1309,GenZ,75161,780,1
1310,Millennial,45215,661,11
1311,GenZ,88469,670,16
1312,GenX,99233,667,44
1313,GenX,47876,677,34
1314,Millennial,93322,830,36
1315,Boomer,78194,659,47
1316,Boomer,30754,732,41
1317,GenX,89734,763,32
1318,Millennial,61642,645,44
1319,Millennial,60488,763,18
1320,Millennial,61584,626,18
1321,GenX,120022,693,56
1322,Millennial,82425,644,31
1323,Boomer,140097,742,37
1324,Millennial,117620,731,50
1325,GenZ,98003,742,49
1326,GenX,66592,744,55
1327,Boomer,83214,665,34
1328,GenX,82598,722,55
1329,GenX,44590,747,6
1330,Millennial,91871,702,59
1331,GenZ,55690,704,23
1332,Millennial,36872,704,59
1333,GenZ,68342,693,50
1334,GenZ,64261,695,55
1335,Millennial,42389,707,35
1336,GenZ,110722,698,49
1337,GenZ,52093,669,23
1338,Millennial,57959,710,39
1339,GenZ,78422,609,47
1340,GenZ,73661,716,50
1341,Boomer,123088,603,33
1342,GenX,108157,654,25
1343,GenX,93254,689,23
1344,Millennial,48969,721,41
1345,GenZ,72265,752,19
1346,Boomer,54138,757,8
1347,Millennial,72680,702,6
1348,GenZ,76785,784,31
1349,GenX,37855,738,25
1350,GenX,98453,782,50
1351,Millennial,77974,768,17
1352,Millennial,80640,785,38
1353,GenZ,105453,633,53
1354,GenX,124343,701,55
1355,Boomer,59446,796,22
1356,GenX,72260,661,24
1357,GenZ,59169,652,58
1358,Boomer,50956,691,48
1359,GenX,47406,737,34
1360,Millennial,99696,679,38
1361,Millennial,99661,667,2
1362,Millennial,73184,690,25
1363,GenX,69554,675,25
1364,GenZ,84958,710,20
1365,GenX,103301,668,39
1366,Millennial,69407,773,15
1367,Boomer,43751,687,12
1368,GenX,56731,700,36
1369,Millennial,94022,740,32
1370,Boomer,91848,745,35
1371,Millennial,102640,653,51
1372,GenZ,127534,713,57
1373,GenZ,100173,741,41
1374,GenX,35476,692,15
1375,Millennial,18141,721,12
1376,GenX,44360,741,23
1377,GenX,76756,736,41
1378,Boomer,51061,720,15
1379,Boomer,57581,654,29
1380,Millennial,79650,747,19
1381,GenZ,92561,689,56
1382,GenZ,65887,763,11
1383,GenX,69476,754,21
1384,Boomer,24353,756,9
1385,Boomer,55355,697,8
1386,Boomer,47595,756,45
1387,GenX,83690,776,21
1388,Millennial,69368,766,25
1389,GenZ,88224,692,5
1390,GenX,87074,765,31
1391,Millennial,92876,691,56
1392,GenX,88276,682,17
1393,GenZ,104503,693,28
1394,GenZ,99866,724,58
1395,GenZ,82487,709,20
1396,Boomer,55367,713,56
1397,GenX,53096,658,29
1398,Millennial,108760,708,2
1399,Millennial,67071,742,15
1400,GenZ,56162,700,53
1401,Millennial,129862,730,43
1402,GenZ,72020,751,56
1403,GenZ,37420,713,12
1404,GenX,46723,739,13
1405,GenZ,15000,768,32
1406,GenX,55805,657,36
1407,Boomer,122462,705,40
1408,GenX,66464,742,35
1409,GenX,82246,655,12
1410,GenX,102553,723,20
1411,GenX,56903,735,46
1412,Millennial,45552,660,31
1413,GenZ,57208,678,24
1414,Millennial,72022,722,10
1415,GenX,88123,672,32
1416,Boomer,89593,786,54
1417,GenX,109726,676,9
1418,Boomer,76588,753,17
1419,GenX,77593,651,35
1420,Boomer,106631,787,43
1421,Boomer,81202,734,57
1422,GenX,72929,773,10
1423,GenX,73694,732,40
1424,Boomer,62916,646,1
1425,GenX,66912,737,14
1426,Millennial,106760,698,57
1427,GenZ,95302,692,58
1428,Millennial,79213,624,10
1429,Boomer,88816,602,19
1430,Millennial,31659,691,22
1431,GenX,109854,697,24
1432,GenZ,44694,715,22
1433,GenZ,101849,706,40
1434,GenZ,76946,724,24
1435,Boomer,67753,717,24
1436,Millennial,84809,779,27
1437,GenZ,72720,731,54
1438,Millennial,90198,630,58
1439,Millennial,85193,712,23
1440,GenX,73542,659,56
1441,Boomer,76517,723,47
1442,Boomer,50997,665,30
1443,Millennial,73704,786,26
1444,GenZ,70320,734,49
1445,Millennial,117179,704,59
1446,Millennial,63734,698,13
1447,Millennial,51225,692,27
1448,GenX,101459,745,29
1449,GenZ,46741,768,43
1450,Millennial,79579,683,23
1451,Millennial,96519,706,58
1452,GenX,82481,650,48
1453,Boomer,77353,694,36
1454,Millennial,98798,724,55
1455,GenZ,15000,662,27
1456,GenZ,79944,830,10
1457,Millennial,83099,654,13
1458,Boomer,101963,754,1
1459,GenX,88128,802,8
1460,Boomer,75841,731,17
1461,GenX,103259,732,9
1462,GenZ,60866,764,6
1463,Millennial,33725,787,58
1464,Boomer,88748,733,2
1465,GenX,50737,812,31
1466,Boomer,58493,679,27
1467,Millennial,57477,684,34
1468,GenX,63229,765,29
1469,GenX,101159,730,59
1470,GenZ,21081,680,20
1471,Millennial,92631,740,18
1472,GenX,113376,750,34
1473,Boomer,99063,676,4
1474,Millennial,56146,741,36
1475,GenZ,50448,707,13
1476,GenZ,73544,704,40
1477,Millennial,63925,777,48
1478,GenZ,69524,679,49
1479,Millennial,69652,670,31
1480,Boomer,48262,782,37
1481,GenZ,15000,753,27
1482,Boomer,15000,660,27
1483,Millennial,96509,646,9
1484,Boomer,94334,616,31
1485,Millennial,84439,686,11
1486,Millennial,86461,753,3
1487,Millennial,43630,669,53
1488,GenX,19397,796,54
1489,GenZ,17764,665,50
1490,GenZ,37223,677,30
1491,Boomer,79831,697,13
1492,Boomer,90348,673,58
1493,Boomer,85625,718,36
1494,Millennial,85437,775,5
1495,GenZ,60483,708,22
1496,GenX,74072,608,58
1497,GenZ,64698,682,8
1498,Boomer,95415,704,2
1499,Millennial,71629,712,22
1500,GenZ,97200,720,30
1501,Millennial,22897,692,32
1502,GenX,83369,674,38
1503,GenZ,73855,688,30
1504,Millennial,67327,700,35
1505,GenZ,57831,692,4
1506,Boomer,101552,694,32
1507,GenX,124581,743,8
1508,Boomer,82508,764,27
1509,GenZ,108248,723,42
1510,GenX,49761,695,18
1511,Millennial,130015,720,30
1512,Millennial,71408,677,41
1513,GenZ,24486,710,25
1514,GenZ,114663,687,59
1515,Boomer,101545,710,23
1516,Millennial,138036,680,1
1517,Boomer,91347,645,27
1518,GenZ,102304,635,45
1519,Boomer,69734,721,12
1520,Boomer,64513,671,5
1521,Boomer,98405,646,1
1522,Millennial,82884,717,29
1523,Millennial,92541,826,40
1524,Boomer,64956,776,10
1525,GenZ,81624,626,21
1526,GenZ,85288,676,17
1527,GenX,115356,812,50
1528,GenX,90195,745,57
1529,Millennial,58644,688,28
1530,GenX,129513,707,53
1531,Boomer,87159,712,44
1532,GenX,106689,704,35
1533,GenZ,80228,702,7
1534,Boomer,112701,687,4
1535,Millennial,77502,710,20
1536,Millennial,66907,680,12
1537,GenX,66252,719,15
1538,GenX,41507,737,59
1539,Millennial,87846,655,17
1540,GenZ,106980,779,47
1541,Millennial,47148,673,49
1542,GenZ,85027,650,59
1543,Millennial,52758,735,18
1544,Millennial,57767,699,21
1545,Millennial,71950,658,30
1546,Millennial,114111,761,7
1547,Millennial,93374,710,59
1548,Millennial,105657,712,14
1549,Boomer,76265,743,53
1550,GenX,106998,684,39
1551,GenX,87802,741,19
1552,Boomer,61288,746,6
1553,GenX,54063,625,41
1554,Boomer,60587,724,44
1555,GenX,77980,804,24
1556,GenX,38910,703,10
1557,GenZ,41584,668,4
1558,GenZ,63211,649,20
1559,Millennial,33290,723,35
1560,Millennial,111971,673,58
1561,Boomer,84609,682,6
1562,Millennial,74844,703,45
1563,Millennial,80155,721,58
1564,Millennial,65742,724,19
1565,Boomer,63093,673,54
1566,GenZ,42082,696,50
1567,Boomer,41158,795,5
1568,Millennial,100802,613,47
1569,GenX,73827,723,33
1570,GenZ,87170,670,56
1571,Millennial,35053,700,9
1572,Boomer,105671,665,44
1573,GenZ,23135,763,32
1574,GenX,76063,771,18
1575,GenX,93824,670,12
1576,Boomer,54117,689,8
1577,Boomer,117106,703,18
1578,GenX,88411,748,33
1579,GenX,110452,604,46
1580,GenZ,49801,715,22
1581,GenZ,107067,647,29
1582,GenX,60724,634,38
1583,Millennial,55826,709,59
1584,Boomer,60378,739,38
1585,GenX,102246,696,50
1586,Boomer,72819,754,8
1587,Boomer,99420,713,47
1588,GenX,70217,768,14
1589,GenZ,79741,740,45
1590,Millennial,115438,658,14
1591,Millennial,49096,721,6
1592,Millennial,105039,726,57
1593,GenX,44592,704,19
1594,Millennial,57231,650,3
1595,Millennial,79011,716,21
1596,Boomer,80274,703,44
1597,GenX,89552,683,38
1598,Boomer,111421,745,45
1599,Millennial,60165,718,40
1600,GenZ,72656,778,36
1601,Boomer,42958,726,59
1602,GenX,87710,762,25
1603,GenZ,67853,741,49
1604,Millennial,66049,689,27
1605,GenX,99247,718,35
1606,GenZ,57033,749,18
1607,GenZ,52477,731,6
1608,Boomer,53288,680,32
1609,Millennial,60674,659,51
1610,Boomer,76708,700,16
1611,Millennial,60203,679,47
1612,Millennial,86569,603,21
1613,Millennial,54031,749,4
1614,Millennial,39399,754,46
1615,Millennial,43583,753,10
1616,GenX,91229,681,1
1617,GenZ,83304,664,43
1618,Boomer,91072,674,54
1619,Millennial,17546,688,17
1620,Millennial,75606,760,57
1621,GenX,73540,658,15
1622,Boomer,71029,680,40
1623,GenZ,37879,711,21
1624,GenZ,105956,715,29
1625,GenZ,60008,657,10
1626,GenZ,81829,722,43
1627,Millennial,97362,755,14
1628,Millennial,105089,693,26
1629,Millennial,101916,727,11
1630,GenX,100365,675,35
1631,GenZ,70316,719,23
1632,Millennial,79946,630,56
1633,Boomer,54376,730,59
1634,GenX,62066,745,47
1635,GenX,77158,742,50
1636,Millennial,70294,711,48
1637,Boomer,75148,713,18
1638,Millennial,93215,705,5
1639,GenX,54003,669,53
1640,GenX,34426,711,42
1641,GenZ,39489,768,27
1642,GenX,75578,719,53
1643,GenX,49325,677,58
1644,Millennial,61046,743,11
1645,GenZ,78029,760,7
1646,Millennial,76864,720,18
1647,GenX,63013,700,59
1648,GenZ,100756,721,41
1649,GenZ,96230,712,55
1650,Millennial,76337,685,38
1651,Boomer,104449,750,21
1652,Millennial,50635,655,21
1653,GenX,102537,723,40
1654,GenZ,73311,754,26
1655,Boomer,54790,747,48
1656,Millennial,45748,657,17
1657,Millennial,62753,729,56
1658,Millennial,42697,695,31
1659,Millennial,59775,719,34
1660,Millennial,74107,655,42
1661,Boomer,92157,750,54
1662,Millennial,100286,645,46
1663,GenZ,74157,685,8
1664,GenX,29686,647,31
1665,Boomer,74440,707,10
1666,Boomer,118019,727,8
1667,GenZ,69850,689,47
1668,Boomer,84977,597,39
1669,Boomer,90131,742,47
1670,GenZ,55944,729,39
1671,Boomer,34288,699,20
1672,Millennial,72411,668,54
1673,GenZ,60978,716,40
1674,GenX,102368,799,40
1675,GenZ,53547,650,16
1676,Boomer,52928,628,7
1677,Millennial,56486,734,19
1678,Boomer,95591,706,8
1679,Boomer,45596,673,39
1680,Millennial,33075,718,7
1681,Millennial,60937,710,31
1682,Millennial,79558,673,51
1683,Boomer,85368,731,22
1684,GenX,71972,746,30
1685,Millennial,68630,738,52
1686,Millennial,68140,738,55
1687,GenZ,83928,623,34
1688,Boomer,67124,735,16
1689,Boomer,58343,708,11
1690,Millennial,78907,769,57
1691,Boomer,58564,731,48
1692,Millennial,60705,649,59
1693,Millennial,66746,753,31
1694,Millennial,92290,687,25
1695,GenZ,30103,702,34
1696,GenZ,31216,834,1
1697,GenX,65734,726,4
1698,GenX,112175,627,22
1699,Boomer,49487,711,21
1700,GenX,76230,777,45
1701,Boomer,75977,773,45
1702,GenZ,117696,703,59
1703,Millennial,74456,732,20
1704,Millennial,81234,750,42
1705,GenZ,70785,702,44
1706,Boomer,76087,719,35
1707,Millennial,97707,741,23
1708,Boomer,87314,712,27
1709,Millennial,53102,719,53
1710,GenX,78629,683,1
1711,Boomer,58767,786,20
1712,GenZ,96118,684,58
1713,GenZ,109911,723,45
1714,GenX,55155,723,49
1715,GenZ,60249,748,27
1716,GenX,73314,647,37
1717,Millennial,69537,698,52
1718,Millennial,53560,681,40
1719,GenX,126698,724,47
1720,GenX,67789,726,10
1721,GenX,124043,705,57
1722,Boomer,104265,638,33
1723,GenX,64099,612,23
1724,Millennial,67505,687,3
1725,Millennial,35877,676,30
1726,GenX,50724,687,30
1727,Millennial,85396,700,10
1728,Boomer,55118,764,41
1729,GenX,66279,672,40
1730,GenX,27063,731,55
1731,GenZ,102682,645,25
1732,Millennial,70309,700,52
1733,Boomer,78507,746,15
1734,GenX,65840,734,23
1735,GenX,91915,704,54
1736,GenZ,75957,735,16
1737,Millennial,107779,758,19
1738,Millennial,63972,693,11
1739,GenX,75095,712,33
1740,Boomer,72963,697,28
1741,Boomer,70938,731,39
1742,GenX,83619,646,56
1743,Boomer,80013,686,52
1744,Millennial,42134,690,59
1745,GenX,88246,696,17
1746,Millennial,106838,716,12
1747,GenZ,56668,754,37
1748,GenX,99087,666,15
1749,Millennial,128740,746,19
1750,GenX,15000,590,5
1751,Millennial,82467,655,26
1752,Millennial,80747,789,40
1753,Millennial,64133,764,35
1754,GenX,116462,685,18
1755,GenX,75762,670,56
1756,GenX,114343,728,44
1757,Boomer,74132,792,56
1758,GenZ,52058,770,15
1759,Millennial,86646,671,12
1760,GenX,68212,710,45
1761,Boomer,88256,725,53
1762,GenZ,87465,612,39
1763,GenZ,97007,726,3
1764,Millennial,75488,711,24
1765,Millennial,81752,698,48
1766,GenZ,87799,708,31
1767,Millennial,15000,647,58
1768,GenZ,83701,727,5
1769,GenZ,60342,750,16
1770,Boomer,45825,704,37
1771,GenX,98966,766,36
1772,Millennial,58221,662,11
1773,Boomer,85046,707,26
1774,Millennial,48361,826,38
1775,Millennial,40759,728,31
1776,Boomer,29979,734,16
1777,Millennial,50037,705,8
1778,Millennial,76294,750,21
1779,Millennial,19036,676,12
1780,Millennial,67712,650,55
1781,GenX,37748,774,3
1782,Millennial,93847,688,41
1783,Boomer,100635,713,25
1784,Millennial,64270,710,1
1785,Boomer,65546,648,35
1786,Millennial,66492,726,6
1787,Boomer,63744,705,21
1788,GenZ,85837,710,21
1789,GenX,51935,641,14
1790,Millennial,104506,776,41
1791,Millennial,59274,742,39
1792,Boomer,84137,630,4
1793,Millennial,84881,731,49
1794,Millennial,45913,762,44
1795,Millennial,65556,668,28
1796,GenX,74072,665,34
1797,Boomer,40521,700,49
1798,GenZ,109119,714,22
1799,Millennial,59897,660,7
1800,Millennial,46633,808,16
1801,GenX,45069,688,5
1802,GenZ,65183,701,3
1803,Millennial,35022,664,50
1804,Boomer,92880,703,55
1805,Millennial,86000,706,59
1806,Millennial,51620,681,32
1807,Boomer,95591,693,25
1808,GenZ,80410,731,46
1809,Boomer,28588,606,33
1810,GenX,71101,629,34
1811,Boomer,54022,698,33
1812,Boomer,74881,755,46
1813,Millennial,74970,735,45
1814,GenZ,72312,648,32
1815,GenX,98672,706,27
1816,Boomer,72817,747,4
1817,Millennial,99849,690,15
1818,GenZ,43477,778,45
1819,Millennial,108570,646,59
1820,GenZ,83436,695,10
1821,Millennial,51541,731,1
1822,Millennial,75055,677,26
1823,GenX,60294,717,32
1824,Millennial,109005,689,48
1825,GenZ,25700,783,52
1826,Millennial,52425,701,39
1827,GenZ,27760,710,17
1828,GenX,38166,823,9
1829,Boomer,75479,735,47
1830,Boomer,101289,665,41
1831,GenX,118874,764,57
1832,GenZ,34201,729,7
1833,Boomer,84346,706,15
1834,Boomer,133010,683,53
1835,GenZ,61605,684,57
1836,GenZ,98325,778,10
1837,GenX,131757,714,39
1838,Millennial,64532,688,45
1839,GenZ,33960,724,15
1840,GenX,118084,747,4
1841,Millennial,66905,667,5
1842,GenX,72871,762,54
1843,GenZ,35864,713,23
1844,Millennial,75022,743,23
1845,GenZ,99297,677,28
1846,GenZ,90766,712,32
1847,GenZ,74953,734,52
1848,GenZ,83364,682,46
1849,Millennial,74440,738,40
1850,Millennial,102154,696,8
1851,GenZ,81770,709,20
1852,GenX,81543,675,5
1853,GenX,59455,695,35
1854,GenX,56408,647,20
1855,Boomer,15370,709,41
1856,Boomer,113050,735,7
1857,Millennial,59617,774,10
1858,Millennial,113120,714,33
1859,GenX,37250,745,51
1860,GenX,38716,673,25
1861,Millennial,47627,592,22
1862,Millennial,39648,673,10
1863,Millennial,49896,721,3
1864,Millennial,75365,664,59
1865,GenX,84456,720,9
1866,Boomer,77027,638,46
1867,Boomer,104973,698,14
1868,Millennial,38709,707,42
1869,Boomer,80237,734,17
1870,GenZ,102555,701,51
1871,Millennial,60049,672,5
1872,Boomer,60723,636,42
1873,GenX,61733,616,10
1874,GenX,83871,651,3
1875,Millennial,98843,737,36
1876,Boomer,49151,667,21
1877,GenZ,96543,668,23
1878,GenZ,28043,709,48
1879,GenZ,78625,681,44
1880,GenZ,67933,732,20
1881,GenX,66771,628,23
1882,Millennial,70950,677,44
1883,Millennial,37393,659,54
1884,GenX,38425,700,9
1885,Boomer,84169,715,4
1886,GenZ,91816,664,57
1887,Boomer,72707,751,27
1888,Millennial,102326,682,21
1889,Boomer,82008,688,53
1890,GenX,76382,655,24
1891,GenZ,52634,662,37
1892,Boomer,27735,722,28
1893,GenZ,86841,728,39
1894,GenX,113144,734,55
1895,Millennial,100778,725,37
1896,Millennial,94736,731,54
1897,GenX,120357,722,25
1898,GenX,92152,691,14
1899,Millennial,57647,619,16
1900,Millennial,52207,738,54
1901,Boomer,79969,651,43
1902,Millennial,98462,746,12
1903,GenZ,76278,774,56
1904,GenX,57270,669,55
1905,Millennial,101027,734,40
1906,GenX,96768,716,18
1907,Millennial,38476,719,44
1908,Millennial,79959,757,24
1909,Boomer,41315,686,17
1910,Boomer,33248,696,25
1911,GenX,88707,689,7
1912,GenX,105610,690,10
1913,GenZ,56670,677,32
1914,GenZ,73232,726,46
1915,GenX,93577,765,30
1916,GenX,83604,692,4
1917,Boomer,54296,736,23
1918,GenX,57860,677,20
1919,GenZ,96870,739,16
1920,GenX,56437,727,9
1921,GenZ,59188,676,11
1922,Millennial,110429,661,18
1923,GenZ,75000,769,59
1924,Boomer,61939,745,47
1925,Boomer,17610,749,53
1926,Millennial,63488,670,35
1927,GenX,51449,713,56
1928,Boomer,68347,623,8
1929,GenZ,101410,647,35
1930,GenZ,87692,714,7
1931,GenZ,74854,809,16
1932,Millennial,90289,731,10
1933,GenZ,74218,757,44
1934,GenZ,15000,751,14
1935,Millennial,72433,650,29
1936,GenX,88160,653,27
1937,Millennial,48838,695,28
1938,GenZ,20490,713,20
1939,GenZ,45876,787,45
1940,Millennial,28223,695,20
1941,Millennial,46670,697,23
1942,GenZ,88092,697,47
1943,GenZ,48139,740,44
1944,Millennial,98043,684,29
1945,Millennial,36530,792,51
1946,GenX,78401,744,4
1947,GenZ,43388,708,51
1948,GenZ,80412,773,6
1949,GenX,87085,619,20
1950,Boomer,72360,726,2
1951,GenX,64163,727,45
1952,Boomer,66019,683,30
1953,Boomer,78465,703,21
1954,GenX,72708,821,51
1955,GenZ,83100,736,59
1956,GenZ,88971,691,24
1957,GenZ,74174,728,39
1958,GenX,84563,713,1
1959,Millennial,130944,707,4
1960,Millennial,92639,681,5
1961,Boomer,51939,678,49
1962,Boomer,75774,670,21
1963,Millennial,57076,693,57
1964,Millennial,79721,632,6
1965,GenX,67724,760,23
1966,GenZ,81356,778,31
1967,GenX,46538,771,8
1968,GenZ,65164,707,16
1969,GenZ,91795,788,39
1970,GenZ,62705,745,50
1971,GenX,15000,824,39
1972,GenZ,61610,652,54
1973,Boomer,120806,799,14
1974,Boomer,72684,752,17
1975,Millennial,93267,738,39
1976,GenX,83047,674,39
1977,GenX,77373,707,18
1978,GenZ,57389,704,25
1979,Boomer,79104,701,56
1980,Boomer,82126,678,36
1981,GenX,53032,806,27
1982,Millennial,128921,706,6
1983,GenZ,105874,782,50
1984,Boomer,35691,777,13
1985,Millennial,31393,627,48
1986,GenZ,55594,763,14
1987,Millennial,67658,695,38
1988,Boomer,44028,712,44
1989,Boomer,64012,754,4
1990,GenX,103961,700,57
1991,GenZ,60008,707,15
1992,Millennial,39199,773,40
1993,Boomer,102199,662,37
1994,Millennial,73180,713,5
1995,GenZ,91461,673,2
1996,Millennial,56907,802,34
1997,GenX,45796,652,33
1998,GenX,81776,737,45
1999,GenX,58692,696,2
2000,GenX,98542,686,53
2001,Millennial,65002,715,59
2002,Millennial,67680,665,15
2003,Boomer,105205,770,29
2004,Millennial,37270,705,22
2005,Boomer,93360,665,28
2006,Millennial,32757,737,45
2007,GenZ,104069,654,53
2008,GenZ,80642,683,28
2009,Millennial,85570,697,51
2010,Millennial,96009,705,59
2011,Boomer,69288,683,19
2012,Millennial,120269,713,12
2013,Millennial,81391,709,5
2014,Boomer,68096,761,57
2015,GenZ,91665,579,23
2016,GenX,100086,705,55
2017,GenZ,45193,704,18
2018,Boomer,63502,738,3
2019,GenZ,87379,676,21
2020,GenZ,110657,780,51
2021,Boomer,67175,727,52
2022,GenZ,109128,694,40
2023,GenX,49178,674,53
2024,Millennial,71289,704,36
2025,Millennial,74074,653,9
2026,GenX,43602,708,13
2027,Millennial,39692,737,18
2028,Boomer,33059,757,11
2029,GenX,115239,767,24
2030,GenZ,80515,759,53
2031,Millennial,40439,732,59
2032,Millennial,53896,659,32
2033,Millennial,132715,715,53
2034,GenZ,50713,759,2
2035,Boomer,83265,660,40
2036,Boomer,43335,673,28
2037,Millennial,67186,707,29
2038,Millennial,61937,701,9
2039,GenZ,53302,697,28
2040,Millennial,58667,673,28
2041,Millennial,27914,708,58
2042,GenZ,105727,697,8
2043,Boomer,57235,767,7
2044,Boomer,87035,704,49
2045,Boomer,61134,701,43
2046,GenZ,15000,765,26
2047,GenX,60309,665,20
2048,Millennial,95720,753,5
2049,Boomer,117980,760,10
2050,GenZ,73587,653,33
2051,GenX,66064,787,33
2052,Millennial,110790,755,21
2053,Millennial,97495,704,47
2054,GenZ,74255,683,25
2055,Millennial,58350,713,58
2056,GenZ,70529,659,15
2057,GenX,88612,740,25
2058,Millennial,76463,666,16
2059,GenX,81461,716,53
2060,GenX,30631,714,58
2061,GenZ,86599,686,15
2062,Boomer,92408,639,24
2063,Millennial,97795,714,10
2064,GenZ,36249,685,7
2065,Millennial,76717,639,18
2066,GenX,40019,795,7
2067,Millennial,83597,692,37
2068,Millennial,52362,698,10
2069,GenZ,56355,732,19
2070,Millennial,52005,748,35
2071,Boomer,15000,745,32
2072,Boomer,130645,771,12
2073,GenZ,100559,785,29
2074,GenZ,71049,681,27
2075,GenZ,67526,752,16
2076,Boomer,79694,731,48
2077,GenX,86728,749,53
2078,GenX,118917,657,41
2079,GenZ,116050,700,52
2080,Millennial,114383,672,27
2081,GenX,76668,717,10
2082,Boomer,60073,761,44
2083,Millennial,78683,697,20
2084,Millennial,102402,802,16
2085,Millennial,70539,743,49
2086,Boomer,100129,740,38
2087,Millennial,112536,763,55
2088,Boomer,126683,717,7
2089,Millennial,98573,761,1
2090,Boomer,63694,676,23
2091,GenZ,51106,726,51
2092,Millennial,128153,723,8
2093,GenX,47077,734,34
2094,GenX,37481,728,17
2095,Boomer,52501,686,28
2096,Millennial,83715,725,9
2097,GenZ,57203,656,54
2098,GenX,44515,733,46
2099,Millennial,70407,801,31
2100,Boomer,51876,722,16
2101,Millennial,58795,747,58
2102,Millennial,85275,755,1
2103,GenX,63630,727,7
2104,GenZ,99013,665,45
2105,Millennial,99544,808,50
2106,GenX,62873,681,12
2107,GenX,78854,686,35
2108,GenZ,83492,688,32
2109,GenX,41735,655,58
2110,Boomer,91391,703,48
2111,GenX,77013,696,27
2112,GenZ,61309,703,4
2113,Millennial,37051,593,46
2114,Millennial,110963,737,45
2115,GenX,71146,735,54
2116,Millennial,69956,730,58
2117,Boomer,42922,619,21
2118,Millennial,28642,765,16
2119,Boomer,89845,733,32
2120,Millennial,130068,757,56
2121,Millennial,56246,664,53
2122,GenX,16477,629,34
2123,Boomer,38253,790,45
2124,GenZ,76333,734,12
2125,GenZ,49072,699,12
2126,Boomer,64807,691,43
2127,Millennial,112655,728,50
2128,Millennial,59613,766,51
2129,GenZ,125818,711,42
2130,Millennial,80136,693,52
2131,Millennial,49638,733,15
2132,GenZ,85815,750,54
2133,Millennial,98006,778,29
2134,GenX,66710,722,34
2135,GenX,68817,721,16
2136,GenX,92879,752,21
2137,Millennial,63201,773,15
2138,GenX,104729,709,44
2139,GenZ,111460,726,33
2140,GenZ,104507,696,49
2141,Boomer,91889,752,47
2142,GenX,94882,693,59
2143,GenX,103164,687,39
2144,Millennial,103720,752,44
2145,GenZ,44219,736,34
2146,GenX,138721,677,11
2147,Millennial,113622,774,27
2148,GenZ,69749,784,23
2149,Millennial,43658,705,51
2150,Boomer,79627,761,49
2151,GenX,89742,661,54
2152,Boomer,75338,727,43
2153,Millennial,83517,645,48
2154,GenZ,96040,758,49
2155,Millennial,58628,698,48
2156,Boomer,67017,705,39
2157,Boomer,119623,716,39
2158,GenX,94931,671,51
2159,Millennial,70119,711,52
2160,GenX,71343,620,33
2161,GenX,114525,707,7
2162,Boomer,73078,701,12
2163,GenZ,64382,675,55
2164,GenX,40993,730,29
2165,GenX,59618,754,3
2166,GenX,108744,702,31
2167,GenZ,107728,680,18
2168,Boomer,95423,719,16
2169,Millennial,52884,779,11
2170,Millennial,105027,630,24
2171,GenX,96039,717,31
2172,Millennial,38571,679,32
2173,Millennial,131343,704,27
2174,Boomer,77424,745,25
2175,Millennial,28607,745,45
2176,GenZ,71797,711,6
2177,GenX,85230,727,35
2178,GenX,116219,713,15
2179,GenZ,117817,714,1
2180,GenX,74212,679,39
2181,GenX,75878,697,29
2182,Millennial,95813,743,6
2183,GenZ,55120,748,26
2184,GenZ,102040,778,20
2185,GenZ,52553,682,48
2186,GenX,81934,680,57
2187,GenX,60400,661,32
2188,Millennial,77306,642,48
2189,GenX,49879,633,53
2190,GenZ,98814,717,2
2191,GenX,35934,653,29
2192,Millennial,26517,631,56
2193,Boomer,39084,772,38
2194,GenZ,93423,694,46
2195,GenZ,93418,775,30
2196,GenX,88962,689,2
2197,Boomer,155263,684,4
2198,GenX,37926,713,39
2199,Boomer,67507,698,44
2200,GenX,54892,682,18
1707,Millennial,97707,741,23
49,Boomer,38575,709,9
1865,GenX,84456,720,9
92,GenZ,85484,655,49
380,GenX,42260,704,43
1794,Millennial,45913,762,44
793,GenZ,76962,698,46
